caseID,CONT,EDH,HYGROMA,IVH,Intracerebral_Haemorrhage,Noncont_Oedema,PNEU,Peric_Oedema,Petechial_Haemorrhage,SAH,SDH,TotalLesion,MLS,Oedema,others,prediction
EDH7-1,0.318908078,-72.87091206,0.0,0.0,0.0,0.0,12.01552011,1.945379131,0.0,0.0,9.758305399,-48.83279934,-6.106,1.945379131,0.0,-5.47280729376
SDH12-1,0.0,0.0,0.0,0.0,0.0,0.0,16.18949383,0.0,0.0,0.0,-65.834266002,-49.64477217,-9.483,0.0,0.0,-10.2806216011
EDH6-1,-0.164171155,-11.89469044,0.0,0.0,0.0,0.0,-0.169224375,0.863739357,0.0,0.0,-1.312688029,-12.267030604,-0.658,0.863739357,0.0,-1.32096256907
SDH4-1,0.0,0.0,0.0,0.0,0.0,0.0,3.540314795,0.0,0.0,0.0,-27.783771088,-24.06041243,-6.352,0.0,0.0,-4.3386894782
EDH9-1,-0.76341022,-195.3921794,0.0,5.097221951,0.0,0.0,28.35334903,62.11393118,0.0,0.0,15.87741018,-85.346678,-15.89,62.11393118,5.097221951,-16.0857887752
SDH19-1,-13.01498413,0.0,0.0,0.245666504,0.0,0.0,25.43716431,3.82232666,0.0,-0.408935547,-14.535522462,1.91574097,-0.735,3.82232666,-0.163269043,-0.699637932174
